DATE,DGS10,BAMLC0A3CAEY,BAMLC0A2CAAEY,BAMLC0A4CBBBEY,VIXCLS,BAMLC0A1CAAAEY
2014-01-31,2.67,2.77,2.40,3.76,18.41,2.70
2014-02-03,2.61,2.72,2.36,3.72,21.44,2.65
2014-02-04,2.64,2.75,2.38,3.74,19.11,2.67
2014-02-05,2.70,2.77,2.40,3.76,19.95,2.70
2014-02-06,2.73,2.78,2.41,3.77,17.23,2.73
2014-02-07,2.71,2.75,2.38,3.73,15.29,2.70
2014-02-10,2.70,2.75,2.38,3.73,15.26,2.70
2014-02-11,2.75,2.77,2.40,3.75,14.51,2.73
2014-02-12,2.80,2.80,2.43,3.77,14.30,2.77
2014-02-13,2.73,2.76,2.39,3.72,14.14,2.72
2014-02-14,2.75,2.76,2.40,3.71,13.57,2.73
2014-02-18,2.71,2.72,2.37,3.68,13.87,2.70
2014-02-19,2.73,2.75,2.38,3.70,15.50,2.72
2014-02-20,2.76,2.76,2.40,3.71,14.79,2.74
2014-02-21,2.73,2.75,2.39,3.70,14.68,2.72
2014-02-24,2.75,2.75,2.39,3.70,14.23,2.73
2014-02-25,2.70,2.71,2.36,3.66,13.67,2.69
2014-02-26,2.67,2.69,2.34,3.64,14.35,2.67
2014-02-27,2.65,2.67,2.32,3.62,14.04,2.64
2014-02-28,2.66,2.69,2.40,3.64,14.00,2.66
2014-03-03,2.60,2.67,2.37,3.62,16.00,2.63
2014-03-04,2.70,2.71,2.41,3.67,14.10,2.68
2014-03-05,2.70,2.72,2.42,3.67,13.89,2.69
2014-03-06,2.74,2.75,2.45,3.69,14.21,2.72
2014-03-07,2.80,2.79,2.50,3.74,14.11,2.76
2014-03-10,2.79,2.79,2.49,3.74,14.20,2.76
2014-03-11,2.77,2.78,2.48,3.73,14.80,2.75
2014-03-12,2.73,2.76,2.46,3.72,14.47,2.72
2014-03-13,2.66,2.71,2.41,3.68,16.22,2.67
2014-03-14,2.65,2.72,2.42,3.68,17.82,2.68
2014-03-17,2.70,2.75,2.45,3.70,15.64,2.72
2014-03-18,2.68,2.73,2.43,3.68,14.52,2.70
2014-03-19,2.78,2.82,2.51,3.74,15.12,2.79
2014-03-20,2.79,2.82,2.52,3.75,14.52,2.79
2014-03-21,2.75,2.80,2.50,3.73,15.00,2.78
2014-03-24,2.74,2.80,2.50,3.73,15.09,2.77
2014-03-25,2.75,2.78,2.49,3.72,14.02,2.76
2014-03-26,2.71,2.75,2.46,3.68,14.93,2.72
2014-03-27,2.69,2.74,2.44,3.65,14.62,2.71
2014-03-28,2.73,2.76,2.47,3.67,14.41,2.74
2014-03-31,2.73,2.81,2.55,3.71,13.88,2.66
2014-04-01,2.77,2.82,2.56,3.71,13.10,2.67
2014-04-02,2.82,2.85,2.59,3.74,13.09,2.70
2014-04-03,2.80,2.84,2.58,3.73,13.37,2.69
2014-04-04,2.74,2.78,2.52,3.67,13.96,2.63
2014-04-07,2.71,2.75,2.49,3.64,15.57,2.61
2014-04-08,2.69,2.74,2.48,3.63,14.89,2.60
2014-04-09,2.71,2.73,2.47,3.62,13.82,2.59
2014-04-10,2.65,2.68,2.42,3.57,15.89,2.54
2014-04-11,2.63,2.68,2.41,3.56,17.03,2.53
2014-04-14,2.65,2.69,2.43,3.58,16.11,2.55
2014-04-15,2.64,2.69,2.44,3.58,15.61,2.55
2014-04-16,2.65,2.71,2.45,3.59,14.18,2.56
2014-04-17,2.73,2.76,2.50,3.63,13.36,2.62
2014-04-21,2.73,2.75,2.49,3.63,13.25,2.62
2014-04-22,2.73,2.76,2.50,3.63,13.19,2.62
2014-04-23,2.70,2.73,2.48,3.60,13.27,2.59
2014-04-24,2.70,2.73,2.48,3.60,13.32,2.60
2014-04-25,2.68,2.72,2.47,3.59,14.06,2.58
2014-04-28,2.70,2.73,2.48,3.60,13.97,2.60
2014-04-29,2.71,2.74,2.49,3.60,13.71,2.61
2014-04-30,2.67,2.74,2.49,3.60,13.41,2.60
2014-05-01,2.63,2.71,2.46,3.56,13.25,2.57
2014-05-02,2.60,2.71,2.46,3.56,12.91,2.57
2014-05-05,2.63,2.71,2.47,3.56,13.29,2.58
2014-05-06,2.61,2.70,2.46,3.55,13.80,2.57
2014-05-07,2.62,2.69,2.45,3.53,13.40,2.56
2014-05-08,2.61,2.68,2.43,3.51,13.43,2.54
2014-05-09,2.62,2.69,2.44,3.52,12.92,2.55
2014-05-12,2.66,2.71,2.47,3.55,12.23,2.58
2014-05-13,2.61,2.68,2.44,3.51,12.13,2.55
2014-05-14,2.54,2.63,2.38,3.45,12.17,2.49
2014-05-15,2.50,2.61,2.37,3.43,13.17,2.47
2014-05-16,2.52,2.62,2.38,3.44,12.44,2.48
2014-05-19,2.54,2.62,2.38,3.44,12.42,2.48
2014-05-20,2.52,2.60,2.36,3.42,12.96,2.46
2014-05-21,2.54,2.62,2.38,3.44,11.91,2.49
2014-05-22,2.56,2.64,2.39,3.46,12.03,2.50
2014-05-23,2.54,2.62,2.38,3.44,11.36,2.48
2014-05-27,2.52,2.61,2.37,3.42,11.51,2.47
2014-05-28,2.44,2.56,2.32,3.36,11.68,2.42
2014-05-29,2.45,2.57,2.33,3.36,11.57,2.43
2014-05-30,2.48,2.58,2.34,3.37,11.40,2.43
2014-06-02,2.54,2.66,2.41,3.46,11.58,2.53
2014-06-03,2.60,2.69,2.45,3.49,11.87,2.57
2014-06-04,2.61,2.70,2.45,3.50,12.08,2.57
2014-06-05,2.59,2.68,2.43,3.48,11.68,2.56
2014-06-06,2.60,2.69,2.44,3.48,10.73,2.57
2014-06-09,2.62,2.70,2.46,3.48,11.15,2.59
2014-06-10,2.64,2.71,2.47,3.49,10.99,2.61
2014-06-11,2.65,2.71,2.47,3.50,11.60,2.60
2014-06-12,2.58,2.68,2.44,3.46,12.56,2.57
2014-06-13,2.60,2.70,2.46,3.49,12.18,2.59
2014-06-16,2.61,2.70,2.46,3.48,12.65,2.58
2014-06-17,2.66,2.74,2.50,3.52,12.06,2.62
2014-06-18,2.61,2.71,2.47,3.49,10.61,2.60
2014-06-19,2.64,2.70,2.46,3.48,10.62,2.59
2014-06-20,2.63,2.70,2.47,3.48,10.85,2.60
2014-06-23,2.63,2.70,2.46,3.47,10.98,2.59
2014-06-24,2.59,2.67,2.44,3.44,12.13,2.57
2014-06-25,2.57,2.65,2.42,3.42,11.59,2.55
2014-06-26,2.53,2.63,2.39,3.40,11.63,2.52
2014-06-27,2.54,2.63,2.40,3.40,11.26,2.53
2014-06-30,2.53,2.65,2.41,3.42,11.57,2.51
2014-07-01,2.58,2.69,2.44,3.46,11.15,2.55
2014-07-02,2.64,2.74,2.49,3.50,10.82,2.60
2014-07-03,2.65,2.76,2.51,3.52,10.32,2.62
2014-07-07,2.63,2.74,2.50,3.50,11.33,2.60
2014-07-08,2.58,2.70,2.46,3.46,11.98,2.57
2014-07-09,2.57,2.69,2.45,3.45,11.65,2.55
2014-07-10,2.55,2.68,2.43,3.44,12.59,2.53
2014-07-11,2.53,2.67,2.42,3.43,12.08,2.53
2014-07-14,2.55,2.68,2.44,3.44,11.82,2.54
2014-07-15,2.56,2.69,2.45,3.45,11.96,2.55
2014-07-16,2.55,2.69,2.45,3.45,11.00,2.55
2014-07-17,2.47,2.65,2.41,3.42,14.54,2.51
2014-07-18,2.50,2.66,2.42,3.44,12.06,2.52
2014-07-21,2.49,2.66,2.42,3.44,12.81,2.52
2014-07-22,2.48,2.65,2.41,3.43,12.24,2.51
2014-07-23,2.48,2.64,2.41,3.42,11.52,2.51
2014-07-24,2.52,2.68,2.44,3.45,11.84,2.54
2014-07-25,2.48,2.65,2.42,3.43,12.69,2.51
2014-07-28,2.50,2.67,2.43,3.45,12.56,2.53
2014-07-29,2.47,2.65,2.41,3.43,13.28,2.50
2014-07-30,2.57,2.71,2.47,3.50,13.33,2.57
2014-07-31,2.58,2.74,2.50,3.53,16.95,2.59
2014-08-01,2.52,2.70,2.45,3.50,17.03,2.54
2014-08-04,2.51,2.69,2.44,3.49,15.12,2.53
2014-08-05,2.49,2.68,2.44,3.49,16.87,2.53
2014-08-06,2.49,2.68,2.44,3.50,16.37,2.52
2014-08-07,2.43,2.65,2.40,3.47,16.66,2.48
2014-08-08,2.44,2.65,2.41,3.48,15.77,2.48
2014-08-11,2.44,2.66,2.41,3.48,14.23,2.49
2014-08-12,2.46,2.67,2.42,3.48,14.13,2.50
2014-08-13,2.43,2.65,2.39,3.45,12.90,2.47
2014-08-14,2.40,2.62,2.37,3.43,12.42,2.45
2014-08-15,2.34,2.59,2.35,3.39,13.15,2.42
2014-08-18,2.39,2.62,2.38,3.42,12.32,2.45
2014-08-19,2.40,2.63,2.39,3.43,12.21,2.47
2014-08-20,2.43,2.67,2.42,3.45,11.78,2.50
2014-08-21,2.41,2.65,2.41,3.43,11.76,2.49
2014-08-22,2.40,2.66,2.42,3.43,11.47,2.50
2014-08-25,2.39,2.65,2.41,3.42,11.70,2.50
2014-08-26,2.39,2.65,2.41,3.42,11.63,2.50
2014-08-27,2.37,2.63,2.38,3.39,11.78,2.48
2014-08-28,2.34,2.61,2.36,3.38,12.05,2.46
2014-08-29,2.35,2.61,2.36,3.38,11.98,2.46
2014-09-02,2.42,2.68,2.44,3.45,12.25,2.52
2014-09-03,2.41,2.68,2.43,3.44,12.36,2.52
2014-09-04,2.45,2.70,2.46,3.47,12.64,2.55
2014-09-05,2.46,2.70,2.45,3.47,12.09,2.54
2014-09-08,2.48,2.71,2.46,3.47,12.66,2.55
2014-09-09,2.50,2.74,2.49,3.51,13.50,2.58
2014-09-10,2.54,2.77,2.52,3.54,12.88,2.61
2014-09-11,2.54,2.77,2.52,3.54,12.80,2.60
2014-09-12,2.62,2.82,2.56,3.60,13.31,2.65
2014-09-15,2.60,2.79,2.54,3.58,14.12,2.63
2014-09-16,2.60,2.79,2.53,3.58,12.73,2.62
2014-09-17,2.62,2.81,2.56,3.59,12.65,2.64
2014-09-18,2.63,2.83,2.57,3.61,12.03,2.65
2014-09-19,2.59,2.80,2.55,3.58,12.11,2.63
2014-09-22,2.57,2.78,2.52,3.56,13.69,2.61
2014-09-23,2.54,2.76,2.50,3.54,14.93,2.58
2014-09-24,2.57,2.79,2.53,3.57,13.27,2.61
2014-09-25,2.52,2.76,2.50,3.54,15.64,2.57
2014-09-26,2.54,2.79,2.53,3.58,14.85,2.59
2014-09-29,2.50,2.77,2.51,3.58,15.98,2.56
2014-09-30,2.52,2.82,2.57,3.63,16.31,2.68
2014-10-01,2.42,2.75,2.49,3.57,16.71,2.61
2014-10-02,2.44,2.77,2.52,3.59,16.16,2.63
2014-10-03,2.45,2.79,2.53,3.60,14.55,2.65
2014-10-06,2.43,2.75,2.49,3.57,15.46,2.62
2014-10-07,2.36,2.70,2.44,3.52,17.20,2.57
2014-10-08,2.35,2.67,2.40,3.50,15.11,2.54
2014-10-09,2.34,2.67,2.40,3.50,18.76,2.54
2014-10-10,2.31,2.66,2.39,3.50,21.24,2.53
2014-10-14,2.21,2.58,2.31,3.43,22.79,2.44
2014-10-15,2.15,2.52,2.25,3.37,26.25,2.37
2014-10-16,2.17,2.58,2.31,3.43,25.20,2.43
2014-10-17,2.22,2.61,2.34,3.45,21.99,2.47
2014-10-20,2.20,2.59,2.32,3.43,18.57,2.44
2014-10-21,2.23,2.60,2.33,3.44,16.08,2.46
2014-10-22,2.25,2.62,2.35,3.46,17.87,2.48
2014-10-23,2.29,2.66,2.39,3.50,16.53,2.52
2014-10-24,2.29,2.66,2.39,3.50,16.11,2.52
2014-10-27,2.27,2.64,2.37,3.48,16.04,2.51
2014-10-28,2.30,2.66,2.39,3.50,14.39,2.53
2014-10-29,2.34,2.71,2.44,3.53,15.15,2.57
2014-10-30,2.32,2.70,2.43,3.52,14.52,2.55
2014-10-31,2.35,2.75,2.51,3.58,14.03,2.58
2014-11-03,2.36,2.76,2.52,3.59,14.73,2.59
2014-11-04,2.35,2.76,2.52,3.60,14.89,2.59
2014-11-05,2.36,2.77,2.52,3.61,14.17,2.59
2014-11-06,2.39,2.79,2.55,3.64,13.67,2.61
2014-11-07,2.32,2.75,2.50,3.61,13.12,2.57
2014-11-10,2.38,2.78,2.54,3.64,12.67,2.60
2014-11-12,2.37,2.79,2.54,3.64,13.02,2.60
2014-11-13,2.35,2.77,2.52,3.64,13.79,2.59
2014-11-14,2.32,2.75,2.51,3.64,13.31,2.56
2014-11-17,2.34,2.78,2.52,3.67,13.99,2.58
2014-11-18,2.32,2.77,2.52,3.67,13.86,2.57
2014-11-19,2.36,2.80,2.54,3.69,13.96,2.61
2014-11-20,2.34,2.79,2.53,3.68,13.58,2.59
2014-11-21,2.31,2.77,2.51,3.65,12.90,2.58
2014-11-24,2.30,2.76,2.51,3.64,12.62,2.58
2014-11-25,2.27,2.72,2.47,3.61,12.25,2.52
2014-11-26,2.24,2.70,2.45,3.59,12.07,2.50
2014-11-28,2.18,2.67,2.41,3.56,13.33,2.46
2014-12-01,2.22,2.72,2.46,3.63,14.29,2.47
2014-12-02,2.28,2.78,2.51,3.69,12.85,2.52
2014-12-03,2.29,2.79,2.52,3.71,12.47,2.54
2014-12-04,2.25,2.76,2.50,3.69,12.38,2.51
2014-12-05,2.31,2.83,2.56,3.76,11.82,2.57
2014-12-08,2.26,2.80,2.54,3.74,14.21,2.55
2014-12-09,2.22,2.78,2.52,3.75,14.89,2.52
2014-12-10,2.18,2.74,2.48,3.74,18.53,2.48
2014-12-11,2.19,2.76,2.50,3.76,20.08,2.49
2014-12-12,2.10,2.71,2.44,3.74,21.08,2.43
2014-12-15,2.12,2.75,2.49,3.80,20.42,2.45
2014-12-16,2.07,2.73,2.46,3.83,23.57,2.42
2014-12-17,2.14,2.80,2.53,3.87,19.44,2.50
2014-12-18,2.22,2.82,2.55,3.86,16.81,2.53
2014-12-19,2.17,2.80,2.53,3.83,16.49,2.52
2014-12-22,2.17,2.79,2.53,3.81,15.25,2.51
2014-12-23,2.26,2.85,2.59,3.87,14.80,2.58
2014-12-24,2.27,2.85,2.59,3.87,14.37,2.57
2014-12-26,2.25,2.85,2.58,3.86,14.50,2.57
2014-12-29,2.22,2.80,2.54,3.83,15.06,2.52
2014-12-30,2.20,2.78,2.52,3.81,15.92,2.50
2014-12-31,2.17,2.80,2.52,3.81,19.20,2.50
2015-01-02,2.12,2.76,2.49,3.78,17.79,2.46
2015-01-05,2.04,2.71,2.45,3.76,19.92,2.41
2015-01-06,1.97,2.66,2.39,3.73,21.12,2.35
2015-01-07,1.96,2.66,2.39,3.71,19.31,2.34
2015-01-08,2.03,2.68,2.41,3.73,17.01,2.38
2015-01-09,1.98,2.64,2.37,3.70,17.55,2.34
2015-01-12,1.92,2.60,2.32,3.66,19.60,2.29
2015-01-13,1.91,2.58,2.31,3.66,20.56,2.27
2015-01-14,1.86,2.55,2.28,3.63,21.48,2.23
2015-01-15,1.77,2.51,2.23,3.58,22.39,2.19
2015-01-20,1.82,2.55,2.27,3.61,19.89,2.22
2015-01-21,1.87,2.58,2.30,3.65,18.85,2.25
2015-01-22,1.90,2.60,2.32,3.66,16.40,2.27
2015-01-23,1.81,2.55,2.27,3.60,16.66,2.22
2015-01-26,1.83,2.56,2.27,3.61,15.52,2.23
2015-01-27,1.83,2.54,2.26,3.60,17.22,2.22
2015-01-28,1.73,2.48,2.19,3.54,20.44,2.15
2015-01-29,1.77,2.50,2.21,3.57,18.76,2.17
2015-01-30,1.68,2.43,2.15,3.53,20.97,2.10
2015-02-02,1.68,2.46,2.17,3.55,19.43,2.11
2015-02-03,1.79,2.53,2.24,3.60,17.33,2.20
2015-02-04,1.81,2.54,2.25,3.60,18.33,2.21
2015-02-05,1.83,2.55,2.26,3.60,16.85,2.21
2015-02-06,1.95,2.65,2.36,3.69,17.29,2.32
2015-02-09,1.96,2.65,2.37,3.68,18.55,2.32
2015-02-10,2.01,2.68,2.39,3.71,17.23,2.36
2015-02-11,2.00,2.68,2.39,3.71,16.96,2.36
2015-02-12,1.99,2.66,2.37,3.68,15.34,2.34
2015-02-13,2.02,2.68,2.40,3.70,14.69,2.38
2015-02-17,2.14,2.75,2.47,3.76,15.80,2.46
2015-02-18,2.07,2.67,2.39,3.68,15.45,2.38
2015-02-19,2.11,2.70,2.42,3.71,15.29,2.41
2015-02-20,2.13,2.71,2.43,3.71,14.30,2.43
2015-02-23,2.06,2.65,2.37,3.66,14.56,2.36
2015-02-24,1.99,2.58,2.30,3.60,13.69,2.30
2015-02-25,1.96,2.59,2.31,3.60,13.84,2.30
2015-02-26,2.03,2.62,2.35,3.62,13.91,2.34
2015-02-27,2.00,2.61,2.33,3.61,13.34,2.32
2015-03-02,2.08,2.67,2.40,3.58,13.04,2.56
2015-03-03,2.12,2.69,2.43,3.60,13.86,2.59
2015-03-04,2.12,2.69,2.42,3.60,14.23,2.58
2015-03-05,2.11,2.67,2.40,3.58,14.04,2.56
2015-03-06,2.24,2.77,2.50,3.67,15.20,2.66
2015-03-09,2.20,2.73,2.46,3.64,15.06,2.62
2015-03-10,2.14,2.70,2.43,3.61,16.69,2.57
2015-03-11,2.11,2.70,2.43,3.61,16.87,2.57
2015-03-12,2.10,2.68,2.41,3.60,15.42,2.56
2015-03-13,2.13,2.69,2.43,3.62,16.00,2.58
2015-03-16,2.10,2.69,2.42,3.62,15.61,2.57
2015-03-17,2.06,2.68,2.41,3.61,15.66,2.56
2015-03-18,1.93,2.58,2.32,3.54,13.97,2.46
2015-03-19,1.98,2.61,2.35,3.55,14.07,2.49
2015-03-20,1.93,2.57,2.31,3.51,13.02,2.45
2015-03-23,1.92,2.56,2.30,3.49,13.41,2.44
2015-03-24,1.88,2.54,2.27,3.46,13.62,2.41
2015-03-25,1.93,2.57,2.31,3.49,15.44,2.44
2015-03-26,2.01,2.63,2.37,3.55,15.80,2.51
2015-03-27,1.95,2.57,2.31,3.50,15.07,2.45
2015-03-30,1.96,2.58,2.32,3.51,14.51,2.47
2015-03-31,1.94,2.58,2.32,3.47,15.29,2.41
2015-04-01,1.87,2.54,2.28,3.42,15.11,2.37
2015-04-02,1.92,2.55,2.29,3.43,14.67,2.39
2015-04-06,1.92,2.53,2.27,3.42,14.74,2.37
2015-04-07,1.89,2.53,2.26,3.40,14.78,2.37
2015-04-08,1.92,2.52,2.26,3.39,13.98,2.37
2015-04-09,1.97,2.57,2.31,3.44,13.09,2.43
2015-04-10,1.96,2.57,2.30,3.43,12.58,2.42
2015-04-13,1.94,2.55,2.27,3.42,13.94,2.40
2015-04-14,1.90,2.52,2.25,3.38,13.67,2.37
2015-04-15,1.91,2.52,2.24,3.38,12.84,2.37
2015-04-16,1.90,2.50,2.21,3.36,12.60,2.35
2015-04-17,1.87,2.49,2.21,3.35,13.89,2.33
2015-04-20,1.90,2.52,2.24,3.39,13.30,2.38
2015-04-21,1.92,2.53,2.25,3.39,13.25,2.39
2015-04-22,1.99,2.57,2.29,3.43,12.71,2.43
2015-04-23,1.96,2.55,2.27,3.42,12.48,2.40
2015-04-24,1.93,2.52,2.24,3.39,12.29,2.38
2015-04-27,1.94,2.53,2.25,3.39,13.12,2.38
2015-04-28,2.00,2.57,2.29,3.43,12.41,2.43
2015-04-29,2.06,2.61,2.33,3.48,13.39,2.48
2015-04-30,2.05,2.64,2.37,3.53,14.55,2.51
2015-05-01,2.12,2.69,2.42,3.58,12.70,2.57
2015-05-04,2.16,2.69,2.42,3.59,12.85,2.57
2015-05-05,2.19,2.73,2.45,3.62,14.31,2.60
2015-05-06,2.25,2.77,2.49,3.66,15.15,2.66
2015-05-07,2.18,2.75,2.47,3.64,15.13,2.63
2015-05-08,2.16,2.70,2.43,3.60,12.86,2.59
2015-05-11,2.28,2.78,2.50,3.68,13.85,2.68
2015-05-12,2.28,2.77,2.49,3.68,13.86,2.67
2015-05-13,2.27,2.77,2.49,3.68,13.76,2.67
2015-05-14,2.23,2.73,2.45,3.64,12.74,2.63
2015-05-15,2.14,2.68,2.40,3.58,12.38,2.57
2015-05-18,2.23,2.73,2.45,3.63,12.73,2.64
2015-05-19,2.27,2.77,2.49,3.66,12.85,2.67
2015-05-20,2.26,2.76,2.48,3.66,12.88,2.66
2015-05-21,2.19,2.73,2.45,3.62,12.11,2.62
2015-05-22,2.21,2.77,2.50,3.66,12.13,2.67
2015-05-26,2.14,2.72,2.44,3.61,14.06,2.60
2015-05-27,2.14,2.72,2.45,3.61,13.27,2.61
2015-05-28,2.13,2.71,2.44,3.60,13.31,2.60
2015-05-29,2.12,2.69,2.42,3.59,13.84,2.58
2015-06-01,2.19,2.80,2.56,3.70,13.97,2.71
2015-06-02,2.27,2.85,2.60,3.75,14.24,2.76
2015-06-03,2.38,2.91,2.66,3.82,13.66,2.83
2015-06-04,2.31,2.88,2.62,3.78,14.71,2.78
2015-06-05,2.41,2.95,2.70,3.86,14.21,2.86
2015-06-08,2.39,2.92,2.67,3.84,15.29,2.83
2015-06-09,2.42,2.96,2.70,3.88,14.47,2.86
2015-06-10,2.50,3.01,2.75,3.93,13.22,2.91
2015-06-11,2.39,2.95,2.69,3.87,12.85,2.84
2015-06-12,2.39,2.96,2.70,3.87,13.78,2.85
2015-06-15,2.36,2.94,2.69,3.86,15.39,2.83
2015-06-16,2.32,2.92,2.67,3.84,14.81,2.81
2015-06-17,2.32,2.91,2.65,3.83,14.50,2.79
2015-06-18,2.35,2.93,2.68,3.85,13.19,2.83
2015-06-19,2.26,2.88,2.62,3.80,13.96,2.77
2015-06-22,2.37,2.94,2.68,3.86,12.74,2.84
2015-06-23,2.42,2.98,2.72,3.90,12.11,2.87
2015-06-24,2.38,2.95,2.69,3.87,13.26,2.84
2015-06-25,2.40,2.97,2.70,3.89,14.01,2.86
2015-06-26,2.49,3.02,2.76,3.94,14.02,2.91
2015-06-29,2.33,2.92,2.66,3.86,18.85,2.81
2015-06-30,2.35,2.95,2.69,3.88,18.23,2.82
2015-07-01,2.43,3.01,2.75,3.94,16.09,2.89
2015-07-02,2.40,2.96,2.70,3.90,16.79,2.85
2015-07-06,2.30,2.88,2.62,3.83,17.01,2.77
2015-07-07,2.27,2.86,2.61,3.81,16.09,2.74
2015-07-08,2.22,2.84,2.58,3.80,19.66,2.72
2015-07-09,2.32,2.91,2.66,3.87,19.97,2.80
2015-07-10,2.42,3.00,2.74,3.95,16.83,2.89
2015-07-13,2.44,3.01,2.75,3.96,13.90,2.90
2015-07-14,2.41,2.98,2.72,3.93,13.37,2.87
2015-07-15,2.36,2.95,2.69,3.90,13.23,2.83
2015-07-16,2.36,2.96,2.70,3.91,12.11,2.85
2015-07-17,2.34,2.96,2.70,3.91,11.95,2.84
2015-07-20,2.38,2.99,2.73,3.94,12.25,2.87
2015-07-21,2.35,2.97,2.71,3.92,12.22,2.85
2015-07-22,2.33,2.97,2.71,3.92,12.12,2.84
2015-07-23,2.28,2.94,2.68,3.90,12.64,2.81
2015-07-24,2.27,2.93,2.68,3.92,13.74,2.80
2015-07-27,2.23,2.90,2.64,3.90,15.60,2.77
2015-07-28,2.26,2.92,2.66,3.92,13.44,2.79
2015-07-29,2.29,2.94,2.69,3.94,12.50,2.81
2015-07-30,2.28,2.94,2.69,3.93,12.13,2.80
2015-07-31,2.20,2.92,2.67,3.91,12.12,2.78
2015-08-03,2.16,2.89,2.64,3.88,12.56,2.74
2015-08-04,2.23,2.95,2.70,3.94,13.00,2.80
2015-08-05,2.28,2.99,2.74,3.99,12.51,2.85
2015-08-06,2.23,2.96,2.72,3.98,13.77,2.82
2015-08-07,2.18,2.94,2.70,3.95,13.39,2.78
2015-08-10,2.24,2.98,2.74,4.00,12.23,2.83
2015-08-11,2.15,2.91,2.66,3.94,13.71,2.74
2015-08-12,2.14,2.91,2.67,3.95,13.61,2.75
2015-08-13,2.19,2.97,2.72,4.01,13.49,2.81
2015-08-14,2.20,2.98,2.73,4.01,12.83,2.81
2015-08-17,2.16,2.94,2.70,3.98,13.02,2.77
2015-08-18,2.20,2.97,2.73,4.02,13.79,2.80
2015-08-19,2.12,2.92,2.68,3.98,15.25,2.75
2015-08-20,2.09,2.91,2.66,3.97,19.14,2.72
2015-08-21,2.05,2.88,2.64,3.96,28.03,2.70
2015-08-24,2.01,2.85,2.61,3.97,40.74,2.67
2015-08-25,2.12,2.96,2.72,4.07,36.02,2.78
2015-08-26,2.18,2.98,2.74,4.10,30.32,2.81
2015-08-27,2.18,2.97,2.72,4.07,26.10,2.79
2015-08-28,2.19,2.99,2.74,4.08,26.05,2.80
2015-08-31,2.21,3.02,2.78,4.10,28.43,2.83
2015-09-01,2.17,3.00,2.75,4.08,31.40,2.81
2015-09-02,2.20,3.01,2.77,4.10,26.09,2.82
2015-09-03,2.18,2.98,2.74,4.07,25.61,2.79
2015-09-04,2.13,2.95,2.71,4.04,27.80,2.75
2015-09-08,2.20,3.00,2.75,4.08,24.90,2.79
2015-09-09,2.21,2.99,2.74,4.06,26.23,2.78
2015-09-10,2.23,3.01,2.76,4.08,24.37,2.81
2015-09-11,2.20,2.97,2.73,4.06,23.20,2.77
2015-09-14,2.18,2.97,2.73,4.05,24.25,2.78
2015-09-15,2.28,3.05,2.80,4.13,22.54,2.86
2015-09-16,2.30,3.07,2.82,4.14,21.35,2.88
2015-09-17,2.21,2.98,2.73,4.06,21.14,2.78
2015-09-18,2.13,2.91,2.66,3.99,22.28,2.71
2015-09-21,2.20,2.97,2.71,4.05,20.14,2.78
2015-09-22,2.14,2.92,2.64,4.00,22.44,2.71
2015-09-23,2.16,2.93,2.64,4.02,22.13,2.72
2015-09-24,2.13,2.92,2.63,4.04,23.47,2.71
2015-09-25,2.17,2.96,2.66,4.08,23.62,2.74
2015-09-28,2.10,2.92,2.62,4.08,27.63,2.69
2015-09-29,2.05,2.90,2.60,4.09,26.83,2.66
2015-09-30,2.06,2.95,2.64,4.12,24.50,2.68
2015-10-01,2.05,2.94,2.64,4.12,22.55,2.67
2015-10-02,1.99,2.89,2.59,4.08,20.94,2.62
2015-10-05,2.07,2.93,2.63,4.11,19.54,2.67
2015-10-06,2.05,2.90,2.61,4.07,19.40,2.65
2015-10-07,2.08,2.91,2.62,4.06,18.40,2.66
2015-10-08,2.12,2.94,2.64,4.09,17.42,2.69
2015-10-09,2.12,2.94,2.64,4.07,17.08,2.68
2015-10-13,2.06,2.90,2.60,4.04,17.67,2.64
2015-10-14,1.99,2.84,2.54,3.98,18.03,2.57
2015-10-15,2.04,2.87,2.57,4.01,16.05,2.60
2015-10-16,2.04,2.87,2.57,4.00,15.05,2.60
2015-10-19,2.04,2.87,2.57,4.00,14.98,2.60
2015-10-20,2.08,2.89,2.59,4.03,15.75,2.63
2015-10-21,2.04,2.86,2.56,3.99,16.70,2.59
2015-10-22,2.04,2.84,2.54,3.97,14.45,2.57
2015-10-23,2.09,2.88,2.58,4.00,14.46,2.61
2015-10-26,2.07,2.85,2.56,3.97,15.29,2.59
2015-10-27,2.05,2.82,2.53,3.96,15.43,2.56
2015-10-28,2.10,2.88,2.60,4.02,14.33,2.63
2015-10-29,2.19,2.94,2.65,4.07,14.61,2.71
2015-10-30,2.16,2.93,2.64,4.06,15.07,2.70
2015-11-02,2.20,2.98,2.69,4.09,14.15,2.72
2015-11-03,2.23,3.00,2.71,4.10,14.54,2.75
2015-11-04,2.25,3.02,2.74,4.11,15.51,2.76
2015-11-05,2.26,3.03,2.74,4.12,15.05,2.77
2015-11-06,2.34,3.09,2.80,4.19,14.33,2.84
2015-11-09,2.36,3.09,2.80,4.20,16.52,2.85
2015-11-10,2.32,3.07,2.78,4.18,15.29,2.82
2015-11-12,2.32,3.08,2.78,4.20,18.37,2.83
2015-11-13,2.28,3.05,2.75,4.18,20.08,2.81
2015-11-16,2.27,3.03,2.74,4.17,18.16,2.80
2015-11-17,2.25,3.02,2.73,4.16,18.84,2.77
2015-11-18,2.27,3.03,2.74,4.18,16.85,2.78
2015-11-19,2.24,3.02,2.73,4.16,16.99,2.76
2015-11-20,2.26,3.03,2.75,4.17,15.47,2.77
2015-11-23,2.25,3.02,2.74,4.17,15.62,2.77
2015-11-24,2.24,3.01,2.73,4.17,15.93,2.76
2015-11-25,2.23,3.01,2.72,4.18,15.19,2.75
2015-11-27,2.22,3.00,2.72,4.17,15.12,2.75
2015-11-30,2.21,3.02,2.71,4.17,16.13,2.81
2015-12-01,2.15,2.97,2.66,4.12,14.67,2.74
2015-12-02,2.18,2.98,2.68,4.15,15.91,2.76
2015-12-03,2.33,3.08,2.77,4.27,18.11,2.86
2015-12-04,2.28,3.05,2.74,4.23,14.81,2.82
2015-12-07,2.23,3.02,2.71,4.21,15.84,2.78
2015-12-08,2.24,3.04,2.72,4.25,17.60,2.80
2015-12-09,2.22,3.02,2.71,4.23,19.61,2.78
2015-12-10,2.24,3.05,2.74,4.27,19.34,2.81
2015-12-11,2.13,3.00,2.68,4.23,24.39,2.73
2015-12-14,2.23,3.09,2.76,4.33,22.73,2.83
2015-12-15,2.28,3.13,2.79,4.37,20.95,2.86
2015-12-16,2.30,3.15,2.82,4.39,17.86,2.87
2015-12-17,2.24,3.12,2.79,4.36,18.94,2.83
2015-12-18,2.19,3.09,2.76,4.35,20.70,2.80
2015-12-21,2.20,3.08,2.76,4.36,18.70,2.80
2015-12-22,2.24,3.12,2.79,4.39,16.60,2.83
2015-12-23,2.27,3.13,2.81,4.40,15.57,2.85
2015-12-24,2.25,3.12,2.79,4.39,15.74,2.83
2015-12-28,2.24,3.11,2.79,4.38,16.91,2.82
2015-12-29,2.32,3.17,2.85,4.44,16.08,2.89
2015-12-30,2.31,3.16,2.84,4.43,17.29,2.88
2015-12-31,2.27,3.16,2.82,4.42,18.21,2.86
2016-01-04,2.24,3.13,2.79,4.40,20.70,2.83
2016-01-05,2.25,3.13,2.79,4.40,19.34,2.83
2016-01-06,2.18,3.08,2.73,4.35,20.59,2.77
2016-01-07,2.16,3.06,2.71,4.35,24.99,2.76
2016-01-08,2.13,3.04,2.70,4.34,27.01,2.73
2016-01-11,2.17,3.06,2.70,4.36,24.30,2.75
2016-01-12,2.12,3.03,2.67,4.35,22.47,2.71
2016-01-13,2.08,3.00,2.64,4.33,25.22,2.68
2016-01-14,2.10,3.04,2.68,4.39,23.95,2.72
2016-01-15,2.03,3.02,2.65,4.39,27.02,2.71
2016-01-19,2.06,3.04,2.67,4.41,26.05,2.71
2016-01-20,2.01,3.04,2.66,4.46,27.59,2.72
2016-01-21,2.02,3.07,2.69,4.48,26.69,2.73
2016-01-22,2.07,3.09,2.72,4.49,22.34,2.75
2016-01-25,2.03,3.09,2.71,4.48,24.15,2.73
2016-01-26,2.01,3.07,2.69,4.47,22.50,2.72
2016-01-27,2.02,3.08,2.70,4.48,23.11,2.72
2016-01-28,2.00,3.07,2.69,4.48,22.42,2.73
2016-01-29,1.94,3.02,2.65,4.44,20.20,2.69
2016-02-01,1.97,3.10,2.65,4.48,19.98,2.73
2016-02-02,1.87,3.04,2.59,4.43,21.98,2.66
2016-02-03,1.88,3.06,2.61,4.46,21.65,2.67
2016-02-04,1.87,3.05,2.60,4.45,21.84,2.65
2016-02-05,1.86,3.05,2.60,4.44,23.38,2.65
2016-02-08,1.75,3.00,2.54,4.40,26.00,2.56
2016-02-09,1.74,3.03,2.56,4.44,26.54,2.57
2016-02-10,1.71,3.02,2.55,4.44,26.29,2.55
2016-02-11,1.63,3.01,2.53,4.45,28.14,2.52
2016-02-12,1.74,3.08,2.61,4.53,25.40,2.59
2016-02-16,1.78,3.09,2.63,4.53,24.11,2.61
2016-02-17,1.81,3.11,2.65,4.54,22.31,2.65
2016-02-18,1.75,3.05,2.60,4.47,21.64,2.60
2016-02-19,1.76,3.06,2.60,4.48,20.53,2.60
2016-02-22,1.77,3.06,2.61,4.47,19.38,2.60
2016-02-23,1.74,3.04,2.58,4.45,20.98,2.58
2016-02-24,1.75,3.04,2.59,4.45,20.72,2.57
2016-02-25,1.71,3.00,2.54,4.41,19.11,2.53
2016-02-26,1.76,3.06,2.60,4.45,19.81,2.58
2016-02-29,1.74,3.03,2.60,4.35,20.55,2.55
2016-03-01,1.83,3.09,2.66,4.39,17.70,2.62
2016-03-02,1.84,3.09,2.66,4.37,17.09,2.62
2016-03-03,1.83,3.06,2.63,4.33,16.70,2.59
2016-03-04,1.88,3.09,2.67,4.34,16.86,2.63
2016-03-07,1.91,3.09,2.67,4.32,17.35,2.63
2016-03-08,1.83,3.04,2.62,4.26,18.67,2.57
2016-03-09,1.90,3.07,2.65,4.28,18.34,2.61
2016-03-10,1.93,3.07,2.66,4.28,18.05,2.62
2016-03-11,1.98,3.08,2.67,4.28,16.50,2.62
2016-03-14,1.97,3.04,2.63,4.22,16.92,2.59
2016-03-15,1.97,3.03,2.62,4.20,16.84,2.59
2016-03-16,1.94,2.98,2.57,4.16,14.99,2.56
2016-03-17,1.91,2.94,2.53,4.10,14.44,2.54
2016-03-18,1.88,2.90,2.49,4.04,14.02,2.50
2016-03-21,1.92,2.92,2.51,4.06,13.79,2.54
2016-03-22,1.94,2.93,2.51,4.05,14.17,2.54
2016-03-23,1.88,2.88,2.46,3.99,14.94,2.49
2016-03-24,1.91,2.90,2.48,4.01,14.74,2.52
2016-03-28,1.89,2.88,2.46,4.00,15.24,2.50
2016-03-29,1.81,2.81,2.40,3.94,13.82,2.44
2016-03-30,1.83,2.80,2.39,3.93,13.56,2.44
2016-03-31,1.78,2.79,2.36,3.86,13.95,2.47
2016-04-01,1.79,2.80,2.37,3.87,13.10,2.47
2016-04-04,1.78,2.77,2.35,3.84,14.12,2.45
2016-04-05,1.73,2.74,2.31,3.81,15.42,2.40
2016-04-06,1.76,2.76,2.33,3.82,14.09,2.42
2016-04-07,1.70,2.71,2.28,3.77,16.16,2.36
2016-04-08,1.72,2.73,2.30,3.79,15.36,2.39
2016-04-11,1.73,2.72,2.30,3.78,16.26,2.39
2016-04-12,1.79,2.76,2.33,3.81,14.85,2.43
2016-04-13,1.77,2.75,2.32,3.78,13.84,2.40
2016-04-14,1.80,2.75,2.33,3.77,13.72,2.42
2016-04-15,1.76,2.72,2.30,3.74,13.62,2.38
2016-04-18,1.78,2.73,2.31,3.75,13.35,2.39
2016-04-19,1.79,2.73,2.31,3.73,13.24,2.39
2016-04-20,1.85,2.77,2.35,3.76,13.28,2.44
2016-04-21,1.88,2.76,2.36,3.74,13.95,2.45
2016-04-22,1.89,2.77,2.37,3.74,13.22,2.46
2016-04-25,1.91,2.78,2.37,3.74,14.08,2.47
2016-04-26,1.94,2.79,2.38,3.75,13.96,2.49
2016-04-27,1.87,2.74,2.34,3.70,13.77,2.45
2016-04-28,1.84,2.71,2.31,3.66,15.22,2.42
2016-04-29,1.83,2.69,2.29,3.64,15.70,2.41
2016-05-02,1.88,2.73,2.34,3.69,14.68,2.52
2016-05-03,1.81,2.68,2.29,3.65,15.60,2.47
2016-05-04,1.79,2.67,2.28,3.65,16.05,2.47
2016-05-05,1.76,2.65,2.26,3.62,15.91,2.45
2016-05-06,1.79,2.67,2.29,3.65,14.72,2.48
2016-05-09,1.77,2.66,2.27,3.64,14.57,2.46
2016-05-10,1.77,2.66,2.28,3.64,13.63,2.45
2016-05-11,1.73,2.65,2.27,3.63,14.69,2.44
2016-05-12,1.75,2.68,2.30,3.66,14.41,2.47
2016-05-13,1.71,2.65,2.28,3.63,15.04,2.44
2016-05-16,1.75,2.69,2.31,3.66,14.68,2.48
2016-05-17,1.76,2.70,2.32,3.67,15.57,2.49
2016-05-18,1.87,2.80,2.42,3.76,15.95,2.59
2016-05-19,1.85,2.78,2.40,3.74,16.33,2.56
2016-05-20,1.85,2.78,2.40,3.75,15.20,2.57
2016-05-23,1.84,2.78,2.40,3.75,15.82,2.57
2016-05-24,1.86,2.79,2.41,3.75,14.42,2.58
2016-05-25,1.87,2.79,2.41,3.76,13.90,2.59
2016-05-26,1.83,2.74,2.36,3.70,13.43,2.54
2016-05-27,1.85,2.75,2.37,3.71,13.12,2.55
2016-05-31,1.84,2.76,2.40,3.70,14.19,2.56
2016-06-01,1.85,2.77,2.41,3.72,14.20,2.58
2016-06-02,1.81,2.75,2.39,3.69,13.63,2.55
2016-06-03,1.71,2.66,2.29,3.60,13.47,2.47
2016-06-06,1.73,2.66,2.30,3.61,13.65,2.48
2016-06-07,1.72,2.65,2.29,3.59,14.05,2.47
2016-06-08,1.71,2.65,2.29,3.57,14.08,2.46
2016-06-09,1.68,2.63,2.27,3.55,14.64,2.43
2016-06-10,1.64,2.6,2.24,3.53,17.03,2.41
2016-06-13,1.62,2.59,2.22,3.52,20.97,2.41
2016-06-14,1.62,2.61,2.24,3.54,20.50,2.42
2016-06-15,1.60,2.59,2.22,3.52,20.14,2.41
2016-06-16,1.57,2.58,2.21,3.51,19.37,2.4
2016-06-17,1.62,2.61,2.24,3.54,19.41,2.44
2016-06-20,1.67,2.63,2.26,3.56,18.37,2.46
2016-06-21,1.71,2.64,2.28,3.57,18.48,2.48
2016-06-22,1.69,2.63,2.26,3.55,21.17,2.47
2016-06-23,1.74,2.66,2.3,3.57,17.25,2.51
2016-06-24,1.57,2.58,2.2,3.5,25.76,2.4
2016-06-27,1.46,2.52,2.13,3.43,23.85,2.31
2016-06-28,1.46,2.52,2.14,3.43,18.75,2.32
2016-06-29,1.50,2.52,2.14,3.42,16.64,2.34
2016-06-30,1.49,2.53,2.14,3.44,15.63,2.34
2016-07-01,1.46,2.5,2.11,3.41,14.77,2.31
2016-07-05,1.37,2.42,2.04,3.33,15.58,2.24
2016-07-06,1.38,2.44,2.06,3.34,14.96,2.25
2016-07-07,1.40,2.43,2.06,3.33,14.76,2.24
2016-07-08,1.37,2.41,2.05,3.3,13.20,2.22
2016-07-11,1.43,2.45,2.08,3.32,13.54,2.26
2016-07-12,1.53,2.49,2.12,3.35,13.55,2.31
2016-07-13,1.48,2.45,2.09,3.31,13.04,2.27
2016-07-14,1.53,2.48,2.12,3.33,12.82,2.31
2016-07-15,1.60,2.52,2.16,3.37,12.67,2.35
2016-07-18,1.59,2.51,2.15,3.35,12.44,2.34
2016-07-19,1.56,2.49,2.13,3.33,11.97,2.33
2016-07-20,1.59,2.51,2.15,3.34,11.77,2.35
2016-07-21,1.57,2.49,2.12,3.32,12.74,2.34
2016-07-22,1.57,2.49,2.13,3.32,12.02,2.35
2016-07-25,1.58,2.49,2.14,3.33,12.87,2.35
2016-07-26,1.57,2.49,2.15,3.33,13.05,2.35
2016-07-27,1.52,2.46,2.11,3.3,12.83,2.32
2016-07-28,1.52,2.46,2.11,3.3,12.72,2.32
2016-07-29,1.46,2.41,2.07,3.26,11.87,2.27
2016-08-01,1.51,2.45,2.1,3.29,12.44,2.32
2016-08-02,1.55,2.48,2.13,3.33,13.37,2.37
2016-08-03,1.55,2.49,2.13,3.34,12.86,2.37
2016-08-04,1.51,2.45,2.09,3.29,12.42,2.33
2016-08-05,1.59,2.51,2.16,3.35,11.39,2.39
2016-08-08,1.59,2.51,2.16,3.34,11.50,2.37
2016-08-09,1.55,2.48,2.12,3.3,11.66,2.34
2016-08-10,1.50,2.44,2.09,3.26,12.05,2.3
2016-08-11,1.57,2.5,2.15,3.31,11.68,2.35
2016-08-12,1.51,2.45,2.11,3.26,11.55,2.31
2016-08-15,1.55,2.47,2.12,3.27,11.81,2.33
2016-08-16,1.57,2.48,2.14,3.28,12.64,2.35
2016-08-17,1.56,2.47,2.13,3.27,12.19,2.33
2016-08-18,1.53,2.44,2.09,3.23,11.43,2.31
2016-08-19,1.58,2.47,2.13,3.26,11.34,2.34
2016-08-22,1.55,2.44,2.1,3.23,12.27,2.32
2016-08-23,1.55,2.44,2.1,3.23,12.38,2.31
2016-08-24,1.56,2.44,2.11,3.23,13.45,2.31
2016-08-25,1.58,2.45,2.13,3.25,13.63,2.33
2016-08-26,1.62,2.51,2.18,3.29,13.65,2.38
2016-08-29,1.57,2.45,2.13,3.24,12.94,2.32
2016-08-30,1.57,2.46,2.13,3.24,13.12,2.32
2016-08-31,1.58,2.47,2.14,3.26,13.42,2.41
2016-09-01,1.57,2.47,2.14,3.26,13.48,2.41
2016-09-02,1.60,2.49,2.16,3.28,11.98,2.43
2016-09-06,1.55,2.44,2.1,3.22,12.02,2.39
2016-09-07,1.54,2.45,2.12,3.22,11.94,2.4
2016-09-08,1.61,2.51,2.18,3.28,12.51,2.47
2016-09-09,1.67,2.56,2.22,3.33,17.50,2.52
2016-09-12,1.68,2.56,2.22,3.34,15.16,2.52
2016-09-13,1.73,2.61,2.27,3.39,17.85,2.58
2016-09-14,1.70,2.57,2.23,3.35,18.14,2.55
2016-09-15,1.71,2.58,2.23,3.35,16.30,2.55
2016-09-16,1.70,2.59,2.24,3.36,15.37,2.55
2016-09-19,1.70,2.58,2.24,3.35,15.53,2.54
2016-09-20,1.69,2.58,2.23,3.34,15.92,2.53
2016-09-21,1.66,2.57,2.24,3.34,13.30,2.52
2016-09-22,1.63,2.54,2.21,3.29,12.02,2.49
2016-09-23,1.62,2.52,2.19,3.28,12.29,2.47
2016-09-26,1.59,2.5,2.17,3.26,14.50,2.45
2016-09-27,1.56,2.49,2.15,3.25,13.10,2.43
2016-09-28,1.57,2.49,2.16,3.26,12.39,2.44
2016-09-29,1.56,2.49,2.15,3.24,14.02,2.43
2016-09-30,1.60,2.53,2.21,3.3,13.29,2.47
2016-10-03,1.63,2.54,2.23,3.31,13.57,2.48
2016-10-04,1.69,2.59,2.26,3.35,13.63,2.52
2016-10-05,1.72,2.61,2.29,3.36,12.99,2.54
2016-10-06,1.75,2.63,2.3,3.37,12.84,2.55
2016-10-07,1.73,2.62,2.29,3.36,13.48,2.55
2016-10-11,1.77,2.63,2.31,3.37,15.36,2.56
2016-10-12,1.79,2.64,2.32,3.37,15.91,2.57
2016-10-13,1.75,2.6,2.28,3.34,16.69,2.54
2016-10-14,1.80,2.63,2.31,3.37,16.12,2.58
2016-10-17,1.77,2.61,2.29,3.34,16.21,2.55
2016-10-18,1.75,2.59,2.27,3.32,15.28,2.52
2016-10-19,1.76,2.58,2.26,3.31,14.41,2.52
2016-10-20,1.76,2.58,2.26,3.3,13.75,2.52
2016-10-21,1.74,2.58,2.26,3.3,13.34,2.52
2016-10-24,1.77,2.6,2.28,3.32,13.02,2.55
2016-10-25,1.77,2.6,2.28,3.32,13.46,2.55
2016-10-26,1.79,2.63,2.32,3.35,14.24,2.59
2016-10-27,1.85,2.66,2.35,3.39,15.36,2.63
2016-10-28,1.86,2.66,2.35,3.39,16.19,2.63
2016-10-31,1.84,2.67,2.34,3.41,17.06,2.64
2016-11-01,1.83,2.65,2.33,3.41,18.56,2.63
2016-11-02,1.81,2.65,2.32,3.41,19.32,2.62
2016-11-03,1.82,2.66,2.33,3.42,22.08,2.63
2016-11-04,1.79,2.64,2.31,3.41,22.51,2.61
2016-11-07,1.83,2.66,2.33,3.42,18.71,2.64
2016-11-08,1.88,2.69,2.36,3.45,18.74,2.66
2016-11-09,2.07,2.82,2.48,3.59,14.38,2.82
2016-11-10,2.15,2.85,2.51,3.63,14.74,2.82
2016-11-14,2.23,2.94,2.59,3.73,14.48,2.9
2016-11-15,2.23,2.95,2.61,3.73,13.37,2.92
2016-11-16,2.22,2.94,2.6,3.72,13.72,2.9
2016-11-17,2.29,2.97,2.63,3.76,13.35,2.95
2016-11-18,2.34,3.03,2.68,3.82,12.85,2.99
2016-11-21,2.33,3.04,2.7,3.83,12.42,3.01
2016-11-22,2.31,3.03,2.69,3.82,12.41,3
2016-11-23,2.36,3.07,2.73,3.85,12.43,3.01
2016-11-25,2.36,3.08,2.74,3.86,12.34,3.02
2016-11-28,2.32,3.03,2.69,3.81,13.15,2.98
2016-11-29,2.30,3.01,2.68,3.8,12.90,2.96
2016-11-30,2.37,3.08,2.74,3.85,13.33,3.05
2016-12-01,2.45,3.13,2.79,3.89,14.07,3.1
2016-12-02,2.40,3.09,2.74,3.85,14.12,3.06
2016-12-05,2.39,3.09,2.74,3.84,12.14,3.06
2016-12-06,2.39,3.09,2.74,3.84,11.79,3.06
2016-12-07,2.34,3.05,2.71,3.79,12.22,3.03
2016-12-08,2.40,3.08,2.73,3.81,12.64,3.06
2016-12-09,2.47,3.12,2.77,3.86,11.75,3.12
2016-12-12,2.49,3.13,2.78,3.86,12.64,3.12
2016-12-13,2.48,3.13,2.79,3.86,12.72,3.12
2016-12-14,2.54,3.17,2.84,3.89,13.19,3.15
2016-12-15,2.60,3.22,2.88,3.93,12.79,3.18
2016-12-16,2.60,3.22,2.88,3.94,12.20,3.2
2016-12-19,2.54,3.18,2.84,3.89,11.71,3.15
2016-12-20,2.57,3.19,2.85,3.9,11.45,3.16
2016-12-21,2.55,3.17,2.83,3.88,11.27,3.14
2016-12-22,2.55,3.17,2.83,3.88,11.43,3.14
2016-12-23,2.55,3.17,2.83,3.87,11.44,3.13
2016-12-27,2.57,3.18,2.85,3.89,11.99,3.15
2016-12-28,2.51,3.14,2.8,3.84,12.95,3.1
2016-12-29,2.49,3.11,2.77,3.81,13.37,3.07
2016-12-30,2.45,3.08,2.74,3.78,14.04,3.04
2017-01-03,2.45,3.11,2.77,3.8,12.85,3.05
2017-01-04,2.46,3.11,2.77,3.8,11.85,3.05
2017-01-05,2.37,3.04,2.7,3.73,11.67,2.98
2017-01-06,2.42,3.09,2.74,3.77,11.32,3.03
2017-01-09,2.38,3.06,2.71,3.74,11.56,3
2017-01-10,2.38,3.06,2.72,3.74,11.49,3
2017-01-11,2.38,3.05,2.71,3.73,11.26,2.99
2017-01-12,2.36,3.04,2.7,3.72,11.54,2.99
2017-01-13,2.40,3.06,2.71,3.73,11.23,3.01
2017-01-17,2.33,3.01,2.67,3.68,11.87,2.96
2017-01-18,2.42,3.06,2.72,3.73,12.48,3.01
2017-01-19,2.47,3.11,2.77,3.78,12.78,3.06
2017-01-20,2.48,3.1,2.75,3.77,11.54,3.06
2017-01-23,2.41,3.05,2.7,3.71,11.77,3
2017-01-24,2.47,3.1,2.75,3.76,11.07,3.07
2017-01-25,2.53,3.13,2.78,3.8,10.81,3.1
2017-01-26,2.51,3.11,2.76,3.77,10.63,3.08
2017-01-27,2.49,3.09,2.74,3.75,10.58,3.06
2017-01-30,2.49,3.09,2.74,3.75,11.88,3.1
2017-01-31,2.45,3.1,2.75,3.76,11.99,3.1
2017-02-01,2.48,3.12,2.77,3.78,11.81,3.11
2017-02-02,2.48,3.11,2.76,3.77,11.93,3.09
2017-02-03,2.49,3.12,2.77,3.77,10.97,3.1
2017-02-06,2.42,3.05,2.71,3.71,11.37,3.04
2017-02-07,2.40,3.04,2.7,3.7,11.29,3.02
2017-02-08,2.34,3.02,2.67,3.68,11.45,2.99
2017-02-09,2.40,3.06,2.71,3.71,10.88,3.03
2017-02-10,2.41,3.07,2.72,3.72,10.85,3.03
2017-02-13,2.43,3.08,2.73,3.73,11.07,3.04
2017-02-14,2.47,3.1,2.76,3.75,10.74,3.07
2017-02-15,2.51,3.12,2.78,3.76,11.97,3.09
2017-02-16,2.45,3.08,2.73,3.71,11.76,3.04
2017-02-17,2.42,3.06,2.71,3.69,11.49,3.02
2017-02-21,2.43,3.06,2.71,3.69,11.57,3.03
2017-02-22,2.42,3.05,2.71,3.68,11.74,3.02
2017-02-23,2.38,3.02,2.68,3.65,11.71,3
2017-02-24,2.31,2.96,2.62,3.59,11.47,2.94
2017-02-27,2.36,3,2.66,3.63,12.09,2.98
2017-02-28,2.36,3.02,2.68,3.66,12.92,3.03
2017-03-01,2.46,3.1,2.76,3.74,12.54,3.11
2017-03-02,2.49,3.12,2.78,3.75,11.81,3.12
2017-03-03,2.49,3.11,2.77,3.74,10.96,3.11
2017-03-06,2.49,3.11,2.77,3.74,11.24,3.12
2017-03-07,2.52,3.14,2.8,3.77,11.45,3.15
2017-03-08,2.57,3.18,2.84,3.82,11.86,3.19
2017-03-09,2.60,3.23,2.88,3.87,12.30,3.23
2017-03-10,2.58,3.21,2.87,3.86,11.66,3.22
2017-03-13,2.62,3.23,2.89,3.88,11.35,3.25
2017-03-14,2.60,3.23,2.89,3.88,12.30,3.25
2017-03-15,2.51,3.16,2.81,3.8,11.63,3.17
2017-03-16,2.53,3.16,2.82,3.8,11.21,3.18
2017-03-17,2.50,3.14,2.81,3.79,11.28,3.16
2017-03-20,2.47,3.12,2.78,3.76,11.34,3.14
2017-03-21,2.43,3.09,2.75,3.73,12.47,3.11
2017-03-22,2.40,3.07,2.73,3.71,12.81,3.08
2017-03-23,2.41,3.07,2.73,3.72,13.12,3.09
2017-03-24,2.40,3.06,2.72,3.7,12.96,3.07
2017-03-27,2.38,3.05,2.71,3.69,12.50,3.06
2017-03-28,2.42,3.08,2.74,3.71,11.53,3.08
2017-03-29,2.39,3.06,2.72,3.69,11.42,3.06
2017-03-30,2.42,3.07,2.73,3.71,11.54,3.08
2017-03-31,2.40,3.08,2.74,3.73,12.37,3.07
2017-04-03,2.35,3.04,2.7,3.69,12.38,3.03
2017-04-04,2.36,3.05,2.71,3.7,11.79,3.04
2017-04-05,2.34,3.05,2.71,3.7,12.89,3.04
2017-04-06,2.34,3.04,2.7,3.69,12.39,3.03
2017-04-07,2.38,3.07,2.73,3.71,12.87,3.05
2017-04-10,2.37,3.06,2.72,3.7,14.05,3.04
2017-04-11,2.32,3.01,2.67,3.65,15.07,2.99
2017-04-12,2.28,3.01,2.67,3.65,15.77,2.99
2017-04-13,2.24,2.96,2.62,3.6,15.96,2.94
2017-04-17,2.26,2.97,2.63,3.61,14.66,2.96
2017-04-18,2.18,2.92,2.58,3.56,14.42,2.9
2017-04-19,2.21,2.93,2.6,3.57,14.93,2.91
2017-04-20,2.24,2.96,2.62,3.6,14.15,2.94
2017-04-21,2.24,2.96,2.62,3.59,14.63,2.94
2017-04-24,2.28,2.98,2.65,3.62,10.84,2.97
2017-04-25,2.35,3.02,2.68,3.65,10.76,3.01
2017-04-26,2.32,3.01,2.67,3.64,10.85,3
2017-04-27,2.30,2.99,2.65,3.62,10.36,2.99
2017-04-28,2.29,2.99,2.65,3.61,10.82,2.98
2017-05-01,2.33,3.04,2.71,3.66,10.11,3.03
2017-05-02,2.29,3.01,2.68,3.62,10.59,2.99
2017-05-03,2.33,3.02,2.69,3.63,10.68,2.99
2017-05-04,2.36,3.05,2.72,3.67,10.46,3.03
2017-05-05,2.36,3.05,2.72,3.66,10.57,3.02
2017-05-08,2.39,3.06,2.74,3.67,9.77,3.04
2017-05-09,2.42,3.08,2.75,3.69,9.96,3.06
2017-05-10,2.41,3.08,2.75,3.69,10.21,3.06
2017-05-11,2.39,3.07,2.74,3.67,10.60,3.05
2017-05-12,2.33,3.01,2.68,3.61,10.40,2.99
2017-05-15,2.34,3.01,2.68,3.6,10.42,2.99
2017-05-16,2.33,2.99,2.67,3.59,10.65,2.98
2017-05-17,2.22,2.92,2.59,3.51,15.59,2.9
2017-05-18,2.23,2.94,2.61,3.53,14.66,2.92
2017-05-19,2.23,2.94,2.62,3.54,12.04,2.93
2017-05-22,2.25,2.94,2.63,3.54,10.93,2.93
2017-05-23,2.29,2.97,2.65,3.56,10.72,2.96
2017-05-24,2.26,2.96,2.64,3.55,10.02,2.95
2017-05-25,2.25,2.95,2.63,3.54,9.99,2.94
2017-05-26,2.25,2.94,2.63,3.53,9.81,2.93
2017-05-30,2.21,2.91,2.6,3.5,10.38,2.9
2017-05-31,2.21,2.92,2.63,3.53,10.41,2.9
2017-06-01,2.21,2.93,2.65,3.54,9.89,2.91
2017-06-02,2.15,2.89,2.61,3.5,9.75,2.87
2017-06-05,2.18,2.91,2.63,3.51,10.07,2.88
2017-06-06,2.14,2.89,2.6,3.48,10.45,2.86
2017-06-07,2.18,2.91,2.63,3.51,10.39,2.88
2017-06-08,2.19,2.92,2.64,3.52,10.16,2.9
2017-06-09,2.21,2.93,2.65,3.52,10.70,2.9
2017-06-12,2.21,2.94,2.66,3.53,11.46,2.91
2017-06-13,2.21,2.94,2.66,3.53,10.42,2.91
2017-06-14,2.15,2.88,2.6,3.46,10.64,2.84
2017-06-15,2.16,2.9,2.63,3.49,10.90,2.87
2017-06-16,2.16,2.89,2.61,3.48,10.38,2.86
2017-06-19,2.19,2.91,2.64,3.5,10.37,2.87
2017-06-20,2.16,2.88,2.61,3.47,10.86,2.84
2017-06-21,2.16,2.88,2.61,3.48,10.75,2.83
2017-06-22,2.15,2.88,2.61,3.48,10.48,2.83
2017-06-23,2.15,2.87,2.6,3.47,10.02,2.82
2017-06-26,2.14,2.86,2.59,3.46,9.90,2.81
2017-06-27,2.21,2.9,2.63,3.5,11.06,2.85
2017-06-28,2.22,2.9,2.63,3.5,10.03,2.86
2017-06-29,2.27,2.92,2.65,3.53,11.44,2.89
2017-06-30,2.31,2.96,2.69,3.57,11.18,2.91
2017-07-03,2.35,2.99,2.72,3.6,11.22,2.95
2017-07-05,2.33,2.98,2.71,3.59,11.07,2.93
2017-07-06,2.37,3,2.72,3.61,12.54,2.95
2017-07-07,2.39,3.01,2.73,3.62,11.19,2.96
2017-07-10,2.38,2.98,2.71,3.59,11.11,2.94
2017-07-11,2.37,2.97,2.7,3.58,10.89,2.93
2017-07-12,2.33,2.93,2.66,3.54,10.30,2.89
2017-07-13,2.35,2.95,2.67,3.56,9.90,2.91
2017-07-14,2.33,2.92,2.65,3.53,9.51,2.88
2017-07-17,2.31,2.91,2.64,3.51,9.82,2.87
2017-07-18,2.27,2.88,2.61,3.47,9.89,2.83
2017-07-19,2.27,2.88,2.61,3.47,9.79,2.84
2017-07-20,2.27,2.87,2.61,3.46,9.58,2.84
2017-07-21,2.24,2.85,2.58,3.43,9.36,2.81
2017-07-24,2.26,2.86,2.6,3.45,9.43,2.84
2017-07-25,2.33,2.91,2.65,3.5,9.43,2.9
2017-07-26,2.29,2.87,2.61,3.45,9.60,2.86
2017-07-27,2.32,2.89,2.62,3.47,10.11,2.88
2017-07-28,2.30,2.87,2.6,3.45,10.29,2.86
2017-07-31,2.30,2.89,2.62,3.48,10.26,2.88
2017-08-01,2.26,2.85,2.59,3.45,10.09,2.84
2017-08-02,2.27,2.86,2.6,3.46,10.28,2.86
2017-08-03,2.24,2.84,2.58,3.44,10.44,2.83
2017-08-04,2.27,2.87,2.61,3.47,10.03,2.87
2017-08-07,2.26,2.86,2.61,3.47,9.93,2.85
2017-08-08,2.29,2.89,2.63,3.49,10.96,2.88
2017-08-09,2.24,2.87,2.6,3.48,11.11,2.86
2017-08-10,2.20,2.86,2.6,3.48,16.04,2.85
2017-08-11,2.19,2.85,2.59,3.48,15.51,2.84
2017-08-14,2.22,2.87,2.6,3.49,12.33,2.86
2017-08-15,2.27,2.9,2.64,3.52,12.04,2.89
2017-08-16,2.23,2.86,2.6,3.48,11.74,2.85
2017-08-17,2.19,2.84,2.58,3.47,15.55,2.83
2017-08-18,2.19,2.85,2.58,3.47,14.26,2.83
2017-08-21,2.18,2.83,2.57,3.46,13.19,2.82
2017-08-22,2.22,2.86,2.6,3.48,11.35,2.84
2017-08-23,2.17,2.83,2.56,3.45,12.25,2.81
2017-08-24,2.19,2.85,2.58,3.47,12.23,2.83
2017-08-25,2.17,2.83,2.57,3.45,11.28,2.81
2017-08-28,2.16,2.82,2.56,3.44,11.32,2.8
2017-08-29,2.13,2.81,2.55,3.43,11.70,2.79
2017-08-30,2.15,2.82,2.56,3.44,11.22,2.8
2017-08-31,2.12,2.82,2.55,3.44,10.59,2.79
2017-09-01,2.16,2.85,2.58,3.46,10.13,2.82
2017-09-05,2.07,2.78,2.51,3.39,12.23,2.75
2017-09-06,2.10,2.81,2.54,3.43,11.63,2.79
2017-09-07,2.05,2.78,2.51,3.39,11.55,2.76
2017-09-08,2.06,2.78,2.51,3.4,12.12,2.77
2017-09-11,2.14,2.83,2.56,3.45,10.73,2.82
2017-09-12,2.17,2.86,2.59,3.47,10.58,2.85
2017-09-13,2.20,2.88,2.61,3.48,10.50,2.86
2017-09-14,2.20,2.88,2.61,3.47,10.44,2.85
2017-09-15,2.20,2.88,2.61,3.47,10.17,2.85
2017-09-18,2.23,2.89,2.63,3.48,10.15,2.87
2017-09-19,2.24,2.9,2.63,3.48,10.18,2.87
2017-09-20,2.28,2.92,2.66,3.5,9.78,2.88
2017-09-21,2.27,2.92,2.66,3.5,9.67,2.88
2017-09-22,2.26,2.91,2.64,3.49,9.59,2.86
2017-09-25,2.22,2.87,2.61,3.46,10.21,2.83
2017-09-26,2.24,2.88,2.61,3.46,10.17,2.83
2017-09-27,2.31,2.93,2.66,3.51,9.87,2.89
2017-09-28,2.31,2.91,2.64,3.49,9.55,2.86
2017-09-29,2.33,2.92,2.65,3.49,9.51,2.87
2017-10-02,2.34,2.93,2.67,3.51,9.45,2.87
2017-10-03,2.33,2.91,2.65,3.49,9.51,2.85
2017-10-04,2.33,2.91,2.65,3.49,9.63,2.85
2017-10-05,2.35,2.93,2.67,3.50,9.19,2.87
2017-10-06,2.37,2.94,2.68,3.51,9.65,2.88
2017-10-10,2.35,2.91,2.66,3.49,10.08,2.86
2017-10-11,2.35,2.91,2.66,3.49,9.85,2.86
2017-10-12,2.33,2.90,2.65,3.48,9.91,2.85
2017-10-13,2.28,2.87,2.62,3.45,9.61,2.82
2017-10-16,2.30,2.90,2.65,3.47,9.91,2.85
2017-10-17,2.30,2.89,2.64,3.47,10.31,2.84
2017-10-18,2.34,2.92,2.67,3.49,10.07,2.86
2017-10-19,2.33,2.91,2.65,3.48,10.05,2.85
2017-10-20,2.39,2.94,2.69,3.52,9.97,2.89
2017-10-23,2.38,2.93,2.68,3.50,11.07,2.88
2017-10-24,2.42,2.95,2.69,3.51,11.16,2.89
2017-10-25,2.44,2.97,2.72,3.54,11.23,2.93
2017-10-26,2.46,2.98,2.73,3.55,11.3,2.93
2017-10-27,2.42,2.96,2.71,3.53,9.8,2.91
2017-10-30,2.37,2.91,2.67,3.49,10.5,2.87
2017-10-31,2.38,2.94,2.68,3.51,10.18,2.89
2017-11-01,2.37,2.95,2.69,3.52,10.2,2.90
2017-11-02,2.35,2.93,2.67,3.51,9.93,2.87
2017-11-03,2.34,2.94,2.68,3.51,9.14,2.87
2017-11-06,2.32,2.92,2.66,3.50,9.4,2.86
2017-11-07,2.32,2.93,2.67,3.50,9.89,2.87
2017-11-08,2.32,2.95,2.69,3.52,9.78,2.90
2017-11-09,2.33,2.96,2.70,3.54,10.5,2.92
2017-11-10,2.40,3.02,2.76,3.60,11.29,2.99
2017-11-13,2.40,3.02,2.76,3.61,11.5,2.98
2017-11-14,2.38,3.01,2.76,3.60,11.59,2.97
2017-11-15,2.33,2.99,2.74,3.59,13.13,2.94
2017-11-16,2.37,3.01,2.76,3.60,11.76,2.96
2017-11-17,2.35,3.01,2.76,3.59,11.43,2.95
2017-11-20,2.37,3.02,2.77,3.61,10.65,2.96
2017-11-21,2.36,3.02,2.77,3.60,9.73,2.94
2017-11-22,2.32,2.98,2.73,3.56,9.88,2.89
2017-11-24,2.34,3.00,2.75,3.57,9.67,2.90
2017-11-27,2.32,2.98,2.73,3.55,9.87,2.90
2017-11-28,2.34,2.99,2.74,3.56,10.03,2.91
2017-11-29,2.37,3.01,2.77,3.59,10.7,2.94
2017-11-30,2.42,3.06,2.78,3.62,11.28,2.99
2017-12-01,2.37,3.02,2.74,3.58,11.43,2.94
2017-12-04,2.37,3.03,2.77,3.60,11.68,2.95
2017-12-05,2.36,3.02,2.76,3.58,11.33,2.93
2017-12-06,2.33,3.00,2.74,3.56,11.02,2.92
2017-12-07,2.37,3.03,2.76,3.59,10.16,2.96
2017-12-08,2.38,3.03,2.76,3.59,9.58,2.96
2017-12-11,2.39,3.03,2.77,3.60,9.34,2.96
2017-12-12,2.40,3.04,2.78,3.60,9.92,2.97
2017-12-13,2.36,2.99,2.73,3.56,10.18,2.91
2017-12-14,2.35,2.99,2.73,3.55,10.49,2.91
2017-12-15,2.35,3.00,2.74,3.56,9.42,2.91
2017-12-18,2.39,3.02,2.76,3.58,9.53,2.94
2017-12-19,2.46,3.07,2.81,3.63,10.03,2.99
2017-12-20,2.49,3.10,2.83,3.65,9.72,3.03
2017-12-21,2.48,3.09,2.82,3.64,9.62,3.00
2017-12-22,2.48,3.09,2.83,3.64,9.9,3.01
2017-12-26,2.47,3.08,2.82,3.63,10.25,2.99
2017-12-27,2.42,3.03,2.77,3.58,10.47,2.94
2017-12-28,2.43,3.04,2.79,3.59,10.18,2.95
2017-12-29,2.40,3.03,2.77,3.58,11.04,2.93
2018-01-02,2.46,3.08,2.82,3.63,9.77,3.01
2018-01-03,2.44,3.07,2.82,3.62,9.15,3.00
2018-01-04,2.46,3.08,2.83,3.63,9.22,3.01
2018-01-05,2.47,3.10,2.84,3.64,9.22,3.02
2018-01-08,2.49,3.10,2.84,3.63,9.52,3.02
2018-01-09,2.55,3.13,2.87,3.66,10.08,3.06
2018-01-10,2.55,3.13,2.87,3.66,9.82,3.06
2018-01-11,2.54,3.11,2.85,3.64,9.88,3.04
2018-01-12,2.55,3.13,2.87,3.65,10.16,3.04
2018-01-16,2.54,3.12,2.87,3.64,11.66,3.04
2018-01-17,2.57,3.15,2.90,3.67,11.91,3.06
2018-01-18,2.62,3.18,2.92,3.69,12.22,3.09
2018-01-19,2.64,3.20,2.95,3.71,11.27,3.12
2018-01-22,2.66,3.22,2.96,3.73,11.03,3.14
2018-01-23,2.63,3.18,2.93,3.70,11.1,3.12
2018-01-24,2.65,3.21,2.95,3.72,11.47,3.14
2018-01-25,2.63,3.18,2.93,3.69,11.58,3.10
2018-01-26,2.66,3.21,2.97,3.71,11.08,3.13
2018-01-29,2.70,3.23,2.98,3.73,13.84,3.15
2018-01-30,2.73,3.24,3.00,3.74,14.79,3.18
2018-01-31,2.72,3.27,3.02,3.76,13.54,3.18
2018-02-01,2.78,3.30,3.05,3.80,13.47,3.21
2018-02-02,2.84,3.35,3.08,3.84,17.31,3.26
2018-02-05,2.77,3.30,3.03,3.80,37.32,3.21
2018-02-06,2.79,3.31,3.03,3.81,29.98,3.21
2018-02-07,2.84,3.36,3.09,3.86,27.73,3.25
2018-02-08,2.85,3.38,3.10,3.88,33.46,3.28
2018-02-09,2.83,3.38,3.09,3.90,29.06,3.28
2018-02-12,2.86,3.40,3.12,3.92,25.61,3.30
2018-02-13,2.83,3.43,3.14,3.95,24.97,3.32
2018-02-14,2.91,3.49,3.21,4.01,19.26,3.37
2018-02-15,2.90,3.48,3.20,3.98,19.13,3.34
2018-02-16,2.87,3.47,3.19,3.97,19.46,3.33
2018-02-20,2.88,3.49,3.22,3.99,20.6,3.35
2018-02-21,2.94,3.52,3.26,4.03,20.02,3.40
2018-02-22,2.92,3.51,3.23,4.01,18.72,3.37
2018-02-23,2.88,3.48,3.21,3.99,16.49,3.35
2018-02-26,2.86,3.47,3.20,3.98,15.8,3.33
2018-02-27,2.90,3.51,3.24,4.02,18.59,3.38
2018-02-28,2.87,3.51,3.26,4.02,19.85,3.38
2018-03-01,2.81,3.48,3.21,4.00,22.47,3.35
2018-03-02,2.86,3.53,3.26,4.05,19.59,3.40
2018-03-05,2.88,3.54,3.28,4.06,18.73,3.42
2018-03-06,2.88,3.54,3.27,4.05,18.36,3.40
2018-03-07,2.89,3.55,3.28,4.07,17.76,3.41
2018-03-08,2.86,3.54,3.27,4.06,16.54,3.39
2018-03-09,2.90,3.56,3.29,4.09,14.64,3.42
2018-03-12,2.87,3.56,3.28,4.08,15.78,3.40
2018-03-13,2.84,3.56,3.29,4.08,16.35,3.40
2018-03-14,2.81,3.54,3.27,4.05,17.23,3.39
2018-03-15,2.82,3.56,3.29,4.08,16.59,3.39
2018-03-16,2.85,3.57,3.31,4.10,15.8,3.41
2018-03-19,2.85,3.58,3.31,4.10,19.02,3.40
2018-03-20,2.89,3.62,3.35,4.14,18.2,3.44
2018-03-21,2.89,3.63,3.36,4.16,17.86,3.47
2018-03-22,2.83,3.60,3.32,4.12,23.34,3.42
2018-03-23,2.82,3.60,3.32,4.13,24.87,3.43
2018-03-26,2.85,3.62,3.34,4.15,21.03,3.44
2018-03-27,2.78,3.58,3.30,4.10,22.5,3.39
2018-03-28,2.77,3.57,3.30,4.10,22.87,3.38
2018-03-29,2.74,3.55,3.27,4.07,19.97,3.35
2018-04-02,2.73,3.56,3.29,4.09,23.62,3.35
2018-04-03,2.79,3.60,3.33,4.13,21.1,3.39
2018-04-04,2.79,3.60,3.33,4.13,20.06,3.40
2018-04-05,2.83,3.62,3.35,4.15,18.94,3.42
2018-04-06,2.77,3.56,3.30,4.10,21.49,3.37
2018-04-09,2.78,3.57,3.30,4.10,21.77,3.37
2018-04-10,2.80,3.57,3.30,4.11,20.47,3.37
2018-04-11,2.79,3.56,3.30,4.11,20.24,3.36
2018-04-12,2.83,3.60,3.33,4.13,18.49,3.40
2018-04-13,2.82,3.60,3.33,4.13,17.41,3.40
2018-04-16,2.83,3.60,3.33,4.12,16.56,3.39
2018-04-17,2.82,3.58,3.32,4.11,15.25,3.38
2018-04-18,2.87,3.63,3.37,4.16,15.6,3.43
2018-04-19,2.92,3.67,3.39,4.20,15.96,3.48
2018-04-20,2.96,3.70,3.42,4.23,16.88,3.50
2018-04-23,2.98,3.72,3.44,4.25,16.34,3.52
2018-04-24,3.00,3.72,3.44,4.26,18.02,3.54
2018-04-25,3.03,3.75,3.47,4.30,17.84,3.58
2018-04-26,3.00,3.73,3.45,4.28,16.24,3.56
2018-04-27,2.96,3.71,3.43,4.26,15.41,3.52
2018-04-30,2.95,3.72,3.44,4.27,15.93,3.51
2018-05-01,2.97,3.76,3.48,4.31,15.49,3.56
2018-05-02,2.97,3.75,3.47,4.31,15.97,3.54
2018-05-03,2.94,3.74,3.45,4.31,15.9,3.53
2018-05-04,2.95,3.75,3.46,4.32,14.77,3.53
2018-05-07,2.95,3.75,3.46,4.32,14.75,3.54
2018-05-08,2.97,3.76,3.47,4.34,14.71,3.55
2018-05-09,3.00,3.79,3.49,4.37,13.42,3.57
2018-05-10,2.97,3.77,3.48,4.34,13.23,3.54
2018-05-11,2.97,3.76,3.47,4.33,12.65,3.52
2018-05-14,3.00,3.76,3.47,4.33,12.93,3.53
2018-05-15,3.08,3.83,3.54,4.40,14.63,3.60
2018-05-16,3.09,3.84,3.54,4.41,13.42,3.62
2018-05-17,3.11,3.84,3.54,4.42,13.43,3.62
2018-05-18,3.06,3.81,3.51,4.39,13.42,3.58
2018-05-21,3.06,3.82,3.52,4.40,13.08,3.59
2018-05-22,3.06,3.81,3.52,4.39,13.22,3.59
2018-05-23,3.01,3.77,3.47,4.35,12.58,3.54
2018-05-24,2.98,3.74,3.44,4.32,12.53,3.51
2018-05-25,2.93,3.71,3.41,4.29,13.22,3.48
2018-05-29,2.77,3.59,3.27,4.17,17.02,3.36
2018-05-30,2.84,3.67,3.36,4.25,14.94,3.43
2018-05-31,2.83,3.68,3.39,4.27,15.43,3.41
2018-06-01,2.89,3.74,3.45,4.33,13.46,3.47
2018-06-04,2.94,3.77,3.48,4.36,12.74,3.50
2018-06-05,2.92,3.76,3.47,4.34,12.4,3.49
2018-06-06,2.97,3.80,3.51,4.39,11.64,3.54
2018-06-07,2.93,3.77,3.48,4.37,12.13,3.51
2018-06-08,2.93,3.77,3.48,4.37,12.18,3.51
2018-06-11,2.96,3.80,3.51,4.40,12.35,3.53
2018-06-12,2.96,3.80,3.51,4.40,12.34,3.53
2018-06-13,2.98,3.83,3.54,4.42,12.94,3.55
2018-06-14,2.94,3.80,3.51,4.39,12.12,3.52
2018-06-15,2.93,3.78,3.50,4.37,11.98,3.50
2018-06-18,2.92,3.79,3.51,4.38,12.31,3.51
2018-06-19,2.89,3.78,3.49,4.38,13.35,3.50
2018-06-20,2.93,3.81,3.52,4.41,12.79,3.53
2018-06-21,2.90,3.81,3.52,4.41,14.64,3.53
2018-06-22,2.90,3.82,3.53,4.41,13.77,3.54
2018-06-25,2.87,3.81,3.52,4.40,17.33,3.53
2018-06-26,2.88,3.81,3.52,4.41,15.92,3.53
2018-06-27,2.83,3.77,3.48,4.37,17.91,3.47
2018-06-28,2.84,3.80,3.50,4.39,16.85,3.49
2018-06-29,2.85,3.79,3.50,4.39,16.09,3.49
2018-07-02,2.87,3.82,3.53,4.43,15.6,3.53
2018-07-03,2.83,3.80,3.50,4.40,16.14,3.49
2018-07-05,2.84,3.80,3.50,4.40,14.97,3.48
2018-07-06,2.82,3.77,3.48,4.37,13.37,3.46
2018-07-09,2.86,3.79,3.50,4.38,12.69,3.48
2018-07-10,2.87,3.79,3.50,4.38,12.64,3.48
2018-07-11,2.85,3.77,3.48,4.36,13.63,3.46
2018-07-12,2.85,3.77,3.49,4.36,12.58,3.46
2018-07-13,2.83,3.75,3.46,4.33,12.18,3.43
2018-07-16,2.85,3.77,3.48,4.34,12.83,3.45
2018-07-17,2.86,3.77,3.49,4.34,12.06,3.46
2018-07-18,2.88,3.78,3.49,4.35,12.1,3.47
2018-07-19,2.84,3.75,3.47,4.32,12.87,3.44
2018-07-20,2.89,3.78,3.50,4.35,12.86,3.48
2018-07-23,2.96,3.83,3.54,4.40,12.62,3.55
2018-07-24,2.95,3.80,3.52,4.37,12.41,3.51
2018-07-25,2.94,3.79,3.51,4.35,12.29,3.50
2018-07-26,2.98,3.81,3.53,4.37,12.14,3.53
2018-07-27,2.96,3.79,3.52,4.35,13.03,3.51
2018-07-30,2.98,3.79,3.52,4.35,14.26,3.52
2018-07-31,2.96,3.80,3.51,4.36,12.83,3.51
2018-08-01,3.00,3.83,3.53,4.39,13.15,3.54
2018-08-02,2.98,3.81,3.51,4.37,12.19,3.53
2018-08-03,2.95,3.77,3.48,4.34,11.64,3.50
2018-08-06,2.94,3.76,3.47,4.33,11.27,3.47
2018-08-07,2.98,3.79,3.49,4.35,10.93,3.49
2018-08-08,2.96,3.79,3.49,4.36,10.85,3.50
2018-08-09,2.93,3.77,3.47,4.34,11.27,3.48
2018-08-10,2.87,3.72,3.42,4.30,13.16,3.44
2018-08-13,2.88,3.74,3.44,4.33,14.78,3.46
2018-08-14,2.89,3.76,3.46,4.34,13.31,3.47
2018-08-15,2.86,3.72,3.42,4.31,14.64,3.44
2018-08-16,2.87,3.73,3.43,4.32,13.45,3.44
2018-08-17,2.87,3.73,3.43,4.31,12.64,3.44
2018-08-20,2.82,3.69,3.39,4.27,12.49,3.39
2018-08-21,2.85,3.70,3.40,4.29,12.86,3.41
2018-08-22,2.82,3.69,3.39,4.28,12.25,3.40
2018-08-23,2.82,3.69,3.39,4.28,12.41,3.40
2018-08-24,2.82,3.70,3.40,4.29,11.99,3.41
2018-08-27,2.85,3.72,3.42,4.31,12.16,3.43
2018-08-28,2.88,3.74,3.44,4.33,12.5,3.46
2018-08-29,2.89,3.75,3.45,4.33,12.25,3.45
2018-08-30,2.86,3.73,3.43,4.32,13.53,3.45
2018-08-31,2.86,3.74,3.44,4.33,12.86,3.49
2018-09-04,2.90,3.78,3.48,4.38,13.16,3.54
2018-09-05,2.90,3.78,3.48,4.38,13.91,3.53
2018-09-06,2.88,3.76,3.46,4.35,14.65,3.51
2018-09-07,2.94,3.82,3.52,4.41,14.88,3.56
2018-09-10,2.94,3.81,3.51,4.40,14.16,3.55
2018-09-11,2.98,3.84,3.55,4.43,13.22,3.58
2018-09-12,2.97,3.83,3.53,4.41,13.14,3.55
2018-09-13,2.97,3.82,3.53,4.40,12.37,3.54
2018-09-14,2.99,3.84,3.54,4.41,12.07,3.56
2018-09-17,2.99,3.83,3.54,4.41,13.68,3.56
2018-09-18,3.05,3.87,3.57,4.44,12.79,3.60
2018-09-19,3.08,3.89,3.59,4.47,11.75,3.63
2018-09-20,3.07,3.87,3.58,4.44,11.8,3.61
2018-09-21,3.07,3.87,3.57,4.43,11.68,3.61
2018-09-24,3.08,3.88,3.58,4.44,12.2,3.62
2018-09-25,3.10,3.89,3.59,4.45,12.42,3.64
2018-09-26,3.06,3.86,3.56,4.42,12.89,3.61
2018-09-27,3.06,3.86,3.56,4.41,12.41,3.60
2018-09-28,3.05,3.85,3.55,4.40,12.12,3.60
2018-10-01,3.09,3.89,3.60,4.45,12.0,3.63
2018-10-02,3.05,3.87,3.57,4.43,12.05,3.61
2018-10-03,3.15,3.95,3.64,4.50,11.61,3.69
2018-10-04,3.19,3.98,3.68,4.54,14.22,3.73
2018-10-05,3.23,4.01,3.71,4.57,14.82,3.77
2018-10-09,3.21,4.00,3.70,4.56,15.95,3.75
2018-10-10,3.22,4.01,3.70,4.57,22.96,3.75
2018-10-11,3.14,3.96,3.66,4.53,24.98,3.71
2018-10-12,3.15,3.97,3.66,4.54,21.31,3.71
2018-10-15,3.16,3.98,3.68,4.55,21.3,3.73
2018-10-16,3.16,3.98,3.68,4.55,17.62,3.72
2018-10-17,3.19,4.00,3.70,4.57,17.4,3.75
2018-10-18,3.17,4.00,3.70,4.58,20.06,3.75
2018-10-19,3.20,4.03,3.73,4.61,19.89,3.78
2018-10-22,3.20,4.03,3.73,4.61,19.64,3.78
2018-10-23,3.17,4.02,3.72,4.61,20.71,3.78
2018-10-24,3.10,3.97,3.67,4.57,25.23,3.73
2018-10-25,3.14,4.00,3.70,4.60,24.22,3.76
2018-10-26,3.08,3.96,3.66,4.57,24.16,3.72
2018-10-29,3.08,3.97,3.66,4.58,24.7,3.73
2018-10-30,3.12,4.00,3.69,4.62,23.35,3.77
2018-10-31,3.15,4.06,3.73,4.68,21.23,3.80
2018-11-01,3.14,4.05,3.72,4.67,19.34,3.79
2018-11-02,3.22,4.11,3.78,4.72,19.51,3.83
2018-11-05,3.20,4.10,3.77,4.71,19.96,3.81
2018-11-06,3.22,4.10,3.77,4.71,19.91,3.81
2018-11-07,3.22,4.10,3.77,4.70,16.36,3.79
2018-11-08,3.24,4.11,3.79,4.71,16.72,3.79
2018-11-09,3.19,4.08,3.75,4.69,17.36,3.76
2018-11-13,3.14,4.07,3.73,4.69,20.02,3.75
2018-11-14,3.12,4.06,3.72,4.69,21.25,3.74
2018-11-15,3.11,4.10,3.73,4.73,19.98,3.78
2018-11-16,3.08,4.07,3.69,4.71,18.14,3.75
2018-11-19,3.06,4.07,3.69,4.71,20.1,3.75
2018-11-20,3.06,4.09,3.70,4.75,22.48,3.75
2018-11-21,3.06,4.09,3.71,4.76,20.8,3.75
2018-11-23,3.05,4.09,3.71,4.75,21.52,3.74
2018-11-26,3.07,4.10,3.73,4.77,18.9,3.74
2018-11-27,3.06,4.10,3.73,4.78,19.02,3.75
2018-11-28,3.06,4.10,3.72,4.78,18.49,3.76
2018-11-29,3.03,4.11,3.73,4.79,18.79,3.75
2018-11-30,3.01,4.10,3.75,4.83,18.07,3.77
2018-12-03,2.98,4.09,3.74,4.80,16.44,3.73
2018-12-04,2.91,4.05,3.71,4.77,20.74,3.68
2018-12-06,2.87,4.05,3.70,4.78,21.19,3.66
2018-12-07,2.85,4.02,3.66,4.75,23.23,3.64
2018-12-10,2.85,4.04,3.68,4.77,22.64,3.65
2018-12-11,2.89,4.05,3.70,4.78,21.76,3.65
2018-12-12,2.91,4.06,3.70,4.78,21.46,3.64
2018-12-13,2.91,4.04,3.68,4.76,20.65,3.63
2018-12-14,2.89,4.02,3.66,4.73,21.63,3.62
2018-12-17,2.86,3.99,3.62,4.70,24.52,3.59
2018-12-18,2.82,3.95,3.58,4.68,25.58,3.55
2018-12-19,2.77,3.92,3.55,4.65,25.58,3.50
2018-12-20,2.79,3.96,3.58,4.70,28.38,3.55
2018-12-21,2.79,3.96,3.58,4.72,30.11,3.56
2018-12-24,2.74,3.93,3.54,4.69,36.07,3.52
2018-12-26,2.81,3.97,3.58,4.74,30.41,3.57
2018-12-27,2.77,3.93,3.54,4.70,29.96,3.55
2018-12-28,2.72,3.93,3.54,4.71,28.34,3.56
2018-12-31,2.69,3.90,3.51,4.69,25.42,3.53
2019-01-02,2.66,3.88,3.50,4.67,23.22,3.50
2019-01-03,2.56,3.80,3.41,4.60,25.45,3.42
2019-01-04,2.67,3.90,3.50,4.68,21.38,3.51
2019-01-07,2.70,3.91,3.52,4.69,21.4,3.50
2019-01-08,2.73,3.93,3.55,4.70,20.47,3.52
2019-01-09,2.74,3.91,3.54,4.67,19.98,3.51
2019-01-10,2.74,3.91,3.53,4.67,19.5,3.52
2019-01-11,2.71,3.88,3.50,4.64,18.19,3.50
2019-01-14,2.71,3.88,3.50,4.64,19.07,3.51
2019-01-15,2.72,3.88,3.49,4.64,18.6,3.51
2019-01-16,2.73,3.88,3.49,4.63,19.04,3.51
2019-01-17,2.75,3.87,3.49,4.63,18.06,3.50
2019-01-18,2.79,3.87,3.50,4.63,17.8,3.50
2019-01-22,2.74,3.82,3.45,4.58,20.8,3.45
2019-01-23,2.76,3.81,3.45,4.57,19.52,3.45
2019-01-24,2.72,3.76,3.40,4.53,18.89,3.42
2019-01-25,2.76,3.78,3.42,4.54,17.42,3.44
2019-01-28,2.75,3.76,3.41,4.53,18.87,3.43
2019-01-29,2.72,3.73,3.38,4.50,19.13,3.40
2019-01-30,2.70,3.70,3.35,4.47,17.66,3.39
2019-01-31,2.63,3.65,3.30,4.40,16.57,3.33
